{"std": [0.24891496674188338, 0.2671675898390001, 0.2772645195077242], "mean": [0.279294643016408, 0.2945242968579793, 0.2909160981838916]}
